{
  "hash": "543e24b3",
  "configHash": "1de2ca95",
  "lockfileHash": "a9771c7e",
  "browserHash": "b14fd036",
  "optimized": {
    "@angular/core": {
      "src": "../../../../../../node_modules/@angular/core/fesm2022/core.mjs",
      "file": "@angular_core.js",
      "fileHash": "11df3d40",
      "needsInterop": false
    },
    "@angular/platform-browser": {
      "src": "../../../../../../node_modules/@angular/platform-browser/fesm2022/platform-browser.mjs",
      "file": "@angular_platform-browser.js",
      "fileHash": "3a064cae",
      "needsInterop": false
    },
    "@angular/router": {
      "src": "../../../../../../node_modules/@angular/router/fesm2022/router.mjs",
      "file": "@angular_router.js",
      "fileHash": "acf33253",
      "needsInterop": false
    },
    "@angular/common/http": {
      "src": "../../../../../../node_modules/@angular/common/fesm2022/http.mjs",
      "file": "@angular_common_http.js",
      "fileHash": "f14fae12",
      "needsInterop": false
    },
    "rxjs/operators": {
      "src": "../../../../../../node_modules/rxjs/dist/esm5/operators/index.js",
      "file": "rxjs_operators.js",
      "fileHash": "80a97b6c",
      "needsInterop": false
    },
    "tslib": {
      "src": "../../../../../../node_modules/tslib/tslib.es6.mjs",
      "file": "tslib.js",
      "fileHash": "6c31280d",
      "needsInterop": false
    },
    "@angular/common": {
      "src": "../../../../../../node_modules/@angular/common/fesm2022/common.mjs",
      "file": "@angular_common.js",
      "fileHash": "1bd62ad1",
      "needsInterop": false
    }
  },
  "chunks": {
    "chunk-RACGL3VX": {
      "file": "chunk-RACGL3VX.js"
    },
    "chunk-CEOKNBIZ": {
      "file": "chunk-CEOKNBIZ.js"
    },
    "chunk-EGA333J2": {
      "file": "chunk-EGA333J2.js"
    },
    "chunk-PY3TYZPJ": {
      "file": "chunk-PY3TYZPJ.js"
    },
    "chunk-RWAGSOKT": {
      "file": "chunk-RWAGSOKT.js"
    },
    "chunk-JJMPYZ4C": {
      "file": "chunk-JJMPYZ4C.js"
    },
    "chunk-EPAV4CNQ": {
      "file": "chunk-EPAV4CNQ.js"
    }
  }
}